{
  "timestamp": "2026-01-17T16:54:24.349714",
  "reference_n_clues": 4,
  "haiku_baseline": {
    "mean": 0.276051910654162,
    "std": 0.04814692851591887,
    "median": 0.2644642308275248,
    "min": 0.15669169602434005,
    "max": 0.3835722543344878,
    "percentiles": {
      "5": 0.21277564804166973,
      "10": 0.22582838468777394,
      "25": 0.24874387772014167,
      "50": 0.2644642308275248,
      "75": 0.31076682227850977,
      "90": 0.33301899526089723,
      "95": 0.3668716384994619
    }
  },
  "clue_count_trend": {
    "slope": -0.0008916037582327333,
    "r": -0.05404906929137075,
    "p_value": 0.06811607884498873,
    "significant": false
  },
  "position_effect": {
    "slope": -0.0020160121314834055,
    "f_stat": 2.1615221484188836,
    "p_value": 0.02239314217283641,
    "significant": true
  },
  "pair_difficulty_effect": {
    "r": -0.40553840547871356,
    "p_value": 7.600882171726284e-06,
    "tercile_means": {
      "easy": 0.28997026950076604,
      "medium": 0.292231902767018,
      "hard": 0.24470279366572054
    }
  },
  "tradeoff": {
    "r_trial_level": -0.6085346743662132,
    "p_trial_level": 6.866706568070829e-13,
    "r_clue_level": -0.7435508859282419,
    "has_tradeoff": true
  },
  "current_thresholds": {
    "noise": 0.15,
    "weak": 0.3,
    "moderate": 0.45
  },
  "proposed_thresholds": {
    "poor": 0.22582838468777394,
    "below_average": 0.24874387772014167,
    "average_low": 0.24874387772014167,
    "average_high": 0.31076682227850977,
    "above_average": 0.31076682227850977,
    "excellent": 0.33301899526089723
  }
}